"Email Address","First Name","Last Name",Birthday,MEMBER_RATING,OPTIN_TIME,OPTIN_IP,CONFIRM_TIME,CONFIRM_IP,LATITUDE,LONGITUDE,GMTOFF,DSTOFF,TIMEZONE,CC,REGION,CLEAN_TIME,CLEAN_CAMPAIGN_TITLE,CLEAN_CAMPAIGN_ID,LEID,EUID,NOTES
sundiatalione@yahoo.com,Sundiata,Osagie,,1,"2017-09-20 14:13:33",,"2017-09-20 14:13:33",69.140.85.167,,,,,,,,"2018-01-03 14:22:16",GWCA_122017_MK_Friends,cb76e20bb5,42232489,0b6d94806e,
david.charon.hck@statefarm.com,David,Charon,,1,"2017-12-15 15:33:45",,"2017-12-15 15:33:45",73.135.58.10,,,,,,,,"2018-01-03 14:24:15",GWCA_122017_MK_Friends,cb76e20bb5,71376169,5c8907f405,
mbailey@adamsconsults.com,Monica,Bailey,,1,"2017-09-08 10:23:38",,"2017-09-08 10:23:38",12.28.184.33,,,,,,,,"2018-11-24 15:48:06",NOVMBER2018-MK,84f7cf0834,37037577,3ac5cece42,
CMagistrelli@cbf.org,Cara,Magistrelli,,1,"2017-09-08 10:23:38",,"2017-09-08 10:23:38",12.28.184.33,,,,,,,,"2018-11-24 15:48:01",NOVMBER2018-MK,84f7cf0834,37037733,9877f455fb,
dsmalls@mileone.com,Darmon,Smalls,,1,"2018-01-02 17:29:18",,"2018-01-02 17:29:18",73.135.58.10,,,,,,,,"2018-11-24 15:48:04",NOVMBER2018-MK,84f7cf0834,73493921,0f2bbdf2d0,
